Name,TUP_ID,Password,Year and Section,Contact Number,Email,No. of Borrowed Books,Borrowed Book(s)
N,NOPQRS,N,_p`p,NN,N,M
N,NOPQRS,N,_p`p,NN,N,M
N,NOPQRS,N,_p`p,NN,N,M
N,NOPQRS,N,_p`p,NN,N,M
N,NOPQRS,N,_p`p,NN,N,M
N,NOPQRS,N,_p`p,NN,N,M
N,NOPQRS,N,_p`p,NN,N,M
N,NOPQRS,N,_p`p,NN,N,M
N,NOPQRS,N,_p`p,NN,N,M
N,NOPQRO,N,N,N,N,M
N,NOPQRS,N,_p`p,NN,N,M
N,NOPQRS,N,_p`p,NN,N,M
N,NOPQRS,N,_p`p,NN,N,M
N,NOPQRS,N,_p`p,NN,N,M
N,NOPQRS,N,_p`p,NN,N,M
N,NOPQRS,N,_p`p,NN,N,M
N,NOPQRS,N,_p`p,NN,N,M
N,NOPQRS,N,_p`p,NN,N,M
N,NOPQRS,N,_p`p,NN,N,M
N,NOPQRO,N,N,N,N,M
N,NOPQRS,N,_p`p,NN,N,M
N,NOPQRS,N,_p`p,NN,N,M
N,NOPQRS,N,_p`p,NN,N,M
N,NOPQRS,N,_p`p,NN,N,M
N,NOPQRS,N,_p`p,NN,N,M
N,NOPQRS,N,_p`p,NN,N,M
N,NOPQRS,N,_p`p,NN,N,M
N,NOPQRS,N,_p`p,NN,N,M
N,NOPQRS,N,_p`p,NN,N,M
N,NOPQRO,N,N,N,N,M
N,NOPQRS,N,_p`p,NN,N,M
N,NOPQRS,N,_p`p,NN,N,M
N,NOPQRS,N,_p`p,NN,N,M
N,NOPQRS,N,_p`p,NN,N,M
N,NOPQRS,N,_p`p,NN,N,M
N,NOPQRS,N,_p`p,NN,N,M
N,NOPQRS,N,_p`p,NN,N,M
N,NOPQRS,N,_p`p,NN,N,M
N,NOPQRS,N,_p`p,NN,N,M
N,NOPQRO,N,N,N,N,M
N,NOPQRS,N,_p`p,NN,N,M
N,NOPQRS,N,_p`p,NN,N,M
N,NOPQRS,N,_p`p,NN,N,M
N,NOPQRS,N,_p`p,NN,N,M
N,NOPQRS,N,_p`p,NN,N,M
N,NOPQRS,N,_p`p,NN,N,M
N,NOPQRS,N,_p`p,NN,N,M
N,NOPQRS,N,_p`p,NN,N,M
N,NOPQRS,N,_p`p,NN,N,M
N,NOPQRO,N,N,N,N,M
N,NOPQRS,N,_p`p,NN,N,M
N,NOPQRS,N,_p`p,NN,N,M
N,NOPQRS,N,_p`p,NN,N,M
N,NOPQRS,N,_p`p,NN,N,M
N,NOPQRS,N,_p`p,NN,N,M
N,NOPQRS,N,_p`p,NN,N,M
N,NOPQRS,N,_p`p,NN,N,M
N,NOPQRS,N,_p`p,NN,N,M
N,NOPQRS,N,_p`p,NN,N,M
N,NOPQRO,N,N,N,N,M
N,NOPQRS,N,_p`p,NN,N,M
N,NOPQRS,N,_p`p,NN,N,M
N,NOPQRS,N,_p`p,NN,N,M
N,NOPQRS,N,_p`p,NN,N,M
N,NOPQRS,N,_p`p,NN,N,M
N,NOPQRS,N,_p`p,NN,N,M
N,NOPQRS,N,_p`p,NN,N,M
N,NOPQRS,N,_p`p,NN,N,M
N,NOPQRS,N,_p`p,NN,N,M
N,NOPQRO,N,N,N,N,M
N,NOPQRS,N,_p`p,NN,N,M
N,NOPQRS,N,_p`p,NN,N,M
N,NOPQRS,N,_p`p,NN,N,M
N,NOPQRS,N,_p`p,NN,N,M
N,NOPQRS,N,_p`p,NN,N,M
N,NOPQRS,N,_p`p,NN,N,M
N,NOPQRS,N,_p`p,NN,N,M
N,NOPQRS,N,_p`p,NN,N,M
N,NOPQRS,N,_p`p,NN,N,M
N,NOPQRO,N,N,N,N,M
N,NOPQRS,N,_p`p,NN,N,M
N,NOPQRS,N,_p`p,NN,N,M
N,NOPQRS,N,_p`p,NN,N,M
N,NOPQRS,N,_p`p,NN,N,M
N,NOPQRS,N,_p`p,NN,N,M
N,NOPQRS,N,_p`p,NN,N,M
N,NOPQRS,N,_p`p,NN,N,M
N,NOPQRS,N,_p`p,NN,N,M
N,NOPQRS,N,_p`p,NN,N,M
N,NOPQRO,N,N,N,N,M
N,NOPQRS,N,_p`p,NN,N,M
N,NOPQRS,N,_p`p,NN,N,M
N,NOPQRS,N,_p`p,NN,N,M
N,NOPQRS,N,_p`p,NN,N,M
N,NOPQRS,N,_p`p,NN,N,M
N,NOPQRS,N,_p`p,NN,N,M
N,NOPQRS,N,_p`p,NN,N,M
N,NOPQRS,N,_p`p,NN,N,M
N,NOPQRS,N,_p`p,NN,N,M
N,NOPQRO,N,N,N,N,M
N,NOPQRS,N,_p`p,NN,N,M
N,NOPQRS,N,_p`p,NN,N,M
N,NOPQRS,N,_p`p,NN,N,M
N,NOPQRS,N,_p`p,NN,N,M
N,NOPQRS,N,_p`p,NN,N,M
N,NOPQRS,N,_p`p,NN,N,M
N,NOPQRS,N,_p`p,NN,N,M
N,NOPQRS,N,_p`p,NN,N,M
N,NOPQRS,N,_p`p,NN,N,M
N,NOPQRO,N,N,N,N,M
N,NOPQRS,N,_p`p,NN,N,M
N,NOPQRS,N,_p`p,NN,N,M
N,NOPQRS,N,_p`p,NN,N,M
N,NOPQRS,N,_p`p,NN,N,M
N,NOPQRS,N,_p`p,NN,N,M
N,NOPQRS,N,_p`p,NN,N,M
N,NOPQRS,N,_p`p,NN,N,M
N,NOPQRS,N,_p`p,NN,N,M
N,NOPQRS,N,_p`p,NN,N,M
N,NOPQRO,N,N,N,N,M
N,NOPQRS,N,_p`p,NN,N,M
N,NOPQRS,N,_p`p,NN,N,M
N,NOPQRS,N,_p`p,NN,N,M
N,NOPQRS,N,_p`p,NN,N,M
N,NOPQRS,N,_p`p,NN,N,M
N,NOPQRS,N,_p`p,NN,N,M
N,NOPQRS,N,_p`p,NN,N,M
N,NOPQRS,N,_p`p,NN,N,M
N,NOPQRS,N,_p`p,NN,N,M
N,NOPQRO,N,N,N,N,M
N,NOPQRS,N,_p`p,NN,N,M
N,NOPQRS,N,_p`p,NN,N,M
N,NOPQRS,N,_p`p,NN,N,M
N,NOPQRS,N,_p`p,NN,N,M
N,NOPQRS,N,_p`p,NN,N,M
N,NOPQRS,N,_p`p,NN,N,M
N,NOPQRS,N,_p`p,NN,N,M
N,NOPQRS,N,_p`p,NN,N,M
N,NOPQRS,N,_p`p,NN,N,M
N,NOPQRO,N,N,N,N,M
N,NOPQRS,N,_p`p,NN,N,M
N,NOPQRS,N,_p`p,NN,N,M
N,NOPQRS,N,_p`p,NN,N,M
N,NOPQRS,N,_p`p,NN,N,M
N,NOPQRS,N,_p`p,NN,N,M
N,NOPQRS,N,_p`p,NN,N,M
N,NOPQRS,N,_p`p,NN,N,M
N,NOPQRS,N,_p`p,NN,N,M
N,NOPQRS,N,_p`p,NN,N,M
N,NOPQRO,N,N,N,N,M
N,NOPQRS,N,_p`p,NN,N,M
N,NOPQRS,N,_p`p,NN,N,M
N,NOPQRS,N,_p`p,NN,N,M
N,NOPQRS,N,_p`p,NN,N,M
N,NOPQRS,N,_p`p,NN,N,M
N,NOPQRS,N,_p`p,NN,N,M
N,NOPQRS,N,_p`p,NN,N,M
N,NOPQRS,N,_p`p,NN,N,M
N,NOPQRS,N,_p`p,NN,N,M
N,NOPQRO,N,N,N,N,M
NP,NOPQRT,N,NP,N,N,M
NP,NOPQRT,N,NP,N,N,M
NP,NOPQRT,N,NP,N,N,M
NP,NOPQRT,N,NP,N,N,M
